{"total_accuracy": 0.4469877372920805, "named_class_accuracies": {"sheep": 0.39215686274509803, "knife": 0.25, "fire hydrant": 0.6875, "tennis racket": 0.5606060606060606, "wine glass": 0.7142857142857143, "snowboard": 0.14864864864864866, "kite": 0.24193548387096775, "skateboard": 0.2692307692307692, "tie": 0.21739130434782608, "bicycle": 0.5344827586206896, "mouse": 0.24324324324324326, "bird": 0.4153846153846154, "bottle": 0.6, "bus": 0.7068965517241379, "remote": 0.5, "skis": 0.10606060606060606, "traffic light": 0.7155172413793104, "boat": 0.23404255319148937, "horse": 0.36666666666666664, "potted plant": 0.6428571428571429, "cake": 0.6428571428571429, "apple": 0.7407407407407407, "toothbrush": 0.058823529411764705, "clock": 0.8557692307692307, "motorcycle": 0.43902439024390244, "sports ball": 0.24509803921568626, "umbrella": 0.625, "bowl": 0.5769230769230769, "cup": 0.625, "dog": 0.573170731707317, "surfboard": 0.2, "vase": 0.4875, "book": 0.4523809523809524, "banana": 0.6029411764705882, "backpack": 0.2571428571428571, "train": 0.5588235294117647, "suitcase": 0.532258064516129, "stop sign": 0.8148148148148148, "donut": 0.5, "car": 0.4857142857142857, "truck": 0.3888888888888889, "orange": 0.5666666666666667, "sink": 0.5675675675675675, "baseball bat": 0.3939393939393939, "baseball glove": 0.1794871794871795, "airplane": 0.40384615384615385, "frisbee": 0.421875, "cell phone": 0.4482758620689655, "bench": 0.4444444444444444, "fork": 0.19047619047619047, "cow": 0.4351851851851852, "carrot": 0.36363636363636365, "chair": 0.42105263157894735, "parking meter": 0.37142857142857144, "spoon": 0.16666666666666666}}