{"total_accuracy": 0.4936511127975793, "named_class_accuracies": {"sheep": 0.38235294117647056, "knife": 0.1875, "fire hydrant": 0.59375, "tennis racket": 0.6212121212121212, "wine glass": 0.5892857142857143, "snowboard": 0.22972972972972974, "kite": 0.46774193548387094, "skateboard": 0.4358974358974359, "tie": 0.6086956521739131, "bicycle": 0.5862068965517241, "mouse": 0.25675675675675674, "bird": 0.45384615384615384, "bottle": 0.6666666666666666, "bus": 0.7586206896551724, "remote": 0.5357142857142857, "skis": 0.4393939393939394, "traffic light": 0.8362068965517241, "boat": 0.32978723404255317, "horse": 0.4166666666666667, "potted plant": 0.5857142857142857, "cake": 0.6785714285714286, "apple": 0.7777777777777778, "toothbrush": 0.029411764705882353, "clock": 0.9519230769230769, "motorcycle": 0.5609756097560976, "sports ball": 0.13725490196078433, "umbrella": 0.6363636363636364, "bowl": 0.46153846153846156, "cup": 0.48214285714285715, "dog": 0.524390243902439, "surfboard": 0.3, "vase": 0.5125, "book": 0.6666666666666666, "banana": 0.5735294117647058, "backpack": 0.24285714285714285, "train": 0.6764705882352942, "suitcase": 0.5, "stop sign": 0.8333333333333334, "donut": 0.43333333333333335, "car": 0.5285714285714286, "truck": 0.2777777777777778, "orange": 0.55, "sink": 0.7972972972972973, "baseball bat": 0.42424242424242425, "baseball glove": 0.21794871794871795, "airplane": 0.5576923076923077, "frisbee": 0.421875, "cell phone": 0.5517241379310345, "bench": 0.6388888888888888, "fork": 0.23809523809523808, "cow": 0.5277777777777778, "carrot": 0.4318181818181818, "chair": 0.5263157894736842, "parking meter": 0.3, "spoon": 0.2}}