{"total_accuracy": 0.4838159159502736, "named_class_accuracies": {"sheep": 0.5588235294117647, "knife": 0.53125, "fire hydrant": 0.7916666666666666, "tennis racket": 0.6515151515151515, "wine glass": 0.7857142857142857, "snowboard": 0.14864864864864866, "kite": 0.25806451612903225, "skateboard": 0.3076923076923077, "tie": 0.32608695652173914, "bicycle": 0.5, "mouse": 0.33783783783783783, "bird": 0.45384615384615384, "bottle": 0.7, "bus": 0.603448275862069, "remote": 0.625, "skis": 0.19696969696969696, "traffic light": 0.6379310344827587, "boat": 0.2872340425531915, "horse": 0.31666666666666665, "potted plant": 0.7285714285714285, "cake": 0.6785714285714286, "apple": 0.8888888888888888, "toothbrush": 0.0, "clock": 0.875, "motorcycle": 0.4268292682926829, "sports ball": 0.39215686274509803, "umbrella": 0.7272727272727273, "bowl": 0.5384615384615384, "cup": 0.5, "dog": 0.5487804878048781, "surfboard": 0.225, "vase": 0.5375, "book": 0.5238095238095238, "banana": 0.6617647058823529, "backpack": 0.44285714285714284, "train": 0.6323529411764706, "suitcase": 0.41935483870967744, "stop sign": 0.8611111111111112, "donut": 0.4666666666666667, "car": 0.45714285714285713, "truck": 0.2777777777777778, "orange": 0.65, "sink": 0.3918918918918919, "baseball bat": 0.4393939393939394, "baseball glove": 0.32051282051282054, "airplane": 0.46153846153846156, "frisbee": 0.546875, "cell phone": 0.39655172413793105, "bench": 0.4861111111111111, "fork": 0.2857142857142857, "cow": 0.37037037037037035, "carrot": 0.4090909090909091, "chair": 0.4473684210526316, "parking meter": 0.34285714285714286, "spoon": 0.23333333333333334}}