{"total_accuracy": 0.5731972691856054, "named_class_accuracies": {"sheep": 0.6470588235294118, "knife": 0.1875, "fire hydrant": 0.7604166666666666, "tennis racket": 0.6818181818181818, "wine glass": 0.6964285714285714, "snowboard": 0.5405405405405406, "kite": 0.5, "skateboard": 0.48717948717948717, "tie": 0.6739130434782609, "bicycle": 0.6724137931034483, "mouse": 0.3918918918918919, "bird": 0.5769230769230769, "bottle": 0.6833333333333333, "bus": 0.7068965517241379, "remote": 0.7142857142857143, "skis": 0.5454545454545454, "traffic light": 0.75, "boat": 0.5531914893617021, "horse": 0.5166666666666667, "potted plant": 0.8428571428571429, "cake": 0.7321428571428571, "apple": 0.8703703703703703, "toothbrush": 0.058823529411764705, "clock": 0.9230769230769231, "motorcycle": 0.5853658536585366, "sports ball": 0.38235294117647056, "umbrella": 0.7272727272727273, "bowl": 0.5769230769230769, "cup": 0.6071428571428571, "dog": 0.5487804878048781, "surfboard": 0.425, "vase": 0.6625, "book": 0.5952380952380952, "banana": 0.7205882352941176, "backpack": 0.34285714285714286, "train": 0.7352941176470589, "suitcase": 0.5645161290322581, "stop sign": 0.8796296296296297, "donut": 0.45555555555555555, "car": 0.4714285714285714, "truck": 0.4074074074074074, "orange": 0.6333333333333333, "sink": 0.6756756756756757, "baseball bat": 0.5909090909090909, "baseball glove": 0.28205128205128205, "airplane": 0.625, "frisbee": 0.546875, "cell phone": 0.6206896551724138, "bench": 0.5833333333333334, "fork": 0.2619047619047619, "cow": 0.4351851851851852, "carrot": 0.5909090909090909, "chair": 0.5789473684210527, "parking meter": 0.4, "spoon": 0.3}}