{"total_accuracy": 0.4909600025942461, "named_class_accuracies": {"sheep": 0.4803921568627451, "knife": 0.21875, "fire hydrant": 0.6145833333333334, "tennis racket": 0.6212121212121212, "wine glass": 0.6071428571428571, "snowboard": 0.47297297297297297, "kite": 0.5080645161290323, "skateboard": 0.4230769230769231, "tie": 0.6956521739130435, "bicycle": 0.5172413793103449, "mouse": 0.2972972972972973, "bird": 0.34615384615384615, "bottle": 0.45, "bus": 0.7758620689655172, "remote": 0.5535714285714286, "skis": 0.5, "traffic light": 0.8275862068965517, "boat": 0.43617021276595747, "horse": 0.5, "potted plant": 0.5714285714285714, "cake": 0.5714285714285714, "apple": 0.7407407407407407, "toothbrush": 0.11764705882352941, "clock": 0.9615384615384616, "motorcycle": 0.36585365853658536, "sports ball": 0.21568627450980393, "umbrella": 0.6818181818181818, "bowl": 0.4423076923076923, "cup": 0.5, "dog": 0.4878048780487805, "surfboard": 0.375, "vase": 0.5125, "book": 0.5238095238095238, "banana": 0.6764705882352942, "backpack": 0.2571428571428571, "train": 0.6470588235294118, "suitcase": 0.45161290322580644, "stop sign": 0.8611111111111112, "donut": 0.4777777777777778, "car": 0.22857142857142856, "truck": 0.4444444444444444, "orange": 0.5833333333333334, "sink": 0.6621621621621622, "baseball bat": 0.42424242424242425, "baseball glove": 0.07692307692307693, "airplane": 0.5961538461538461, "frisbee": 0.359375, "cell phone": 0.4482758620689655, "bench": 0.5694444444444444, "fork": 0.3333333333333333, "cow": 0.49074074074074076, "carrot": 0.4772727272727273, "chair": 0.5526315789473685, "parking meter": 0.37142857142857144, "spoon": 0.1}}