{"total_accuracy": 0.4306834482126495, "named_class_accuracies": {"sheep": 0.39215686274509803, "knife": 0.25, "fire hydrant": 0.6458333333333334, "tennis racket": 0.5606060606060606, "wine glass": 0.5892857142857143, "snowboard": 0.12162162162162163, "kite": 0.24193548387096775, "skateboard": 0.19230769230769232, "tie": 0.3695652173913043, "bicycle": 0.41379310344827586, "mouse": 0.24324324324324326, "bird": 0.3923076923076923, "bottle": 0.5666666666666667, "bus": 0.5689655172413793, "remote": 0.48214285714285715, "skis": 0.21212121212121213, "traffic light": 0.6724137931034483, "boat": 0.2978723404255319, "horse": 0.4166666666666667, "potted plant": 0.5142857142857142, "cake": 0.5892857142857143, "apple": 0.7592592592592593, "toothbrush": 0.058823529411764705, "clock": 0.875, "motorcycle": 0.2682926829268293, "sports ball": 0.27450980392156865, "umbrella": 0.6590909090909091, "bowl": 0.4807692307692308, "cup": 0.48214285714285715, "dog": 0.47560975609756095, "surfboard": 0.325, "vase": 0.475, "book": 0.47619047619047616, "banana": 0.5882352941176471, "backpack": 0.32857142857142857, "train": 0.5588235294117647, "suitcase": 0.4838709677419355, "stop sign": 0.8240740740740741, "donut": 0.5555555555555556, "car": 0.42857142857142855, "truck": 0.4074074074074074, "orange": 0.65, "sink": 0.5, "baseball bat": 0.3939393939393939, "baseball glove": 0.07692307692307693, "airplane": 0.4326923076923077, "frisbee": 0.375, "cell phone": 0.43103448275862066, "bench": 0.5138888888888888, "fork": 0.23809523809523808, "cow": 0.3888888888888889, "carrot": 0.4772727272727273, "chair": 0.3157894736842105, "parking meter": 0.24285714285714285, "spoon": 0.13333333333333333}}