{"total_accuracy": 0.5752150285993397, "named_class_accuracies": {"apple": 0.5857988165680473, "book": 0.9065420560747663, "cell phone": 0.7721518987341772, "knife": 0.47297297297297297, "bowl": 0.9263157894736842, "keyboard": 0.9069767441860465, "microwave": 0.3877551020408163, "mouse": 0.5227272727272727, "cup": 0.926829268292683, "cake": 0.5416666666666666, "pillow": 0.23404255319148937, "remote": 0.8205128205128205, "toothbrush": 0.10526315789473684, "towel": 0.21311475409836064, "wine glass": 0.3055555555555556}}