{"total_accuracy": 0.4119571660063583, "named_class_accuracies": {"apple": 0.09467455621301775, "book": 0.8584905660377359, "cell phone": 0.6282051282051282, "knife": 0.10810810810810811, "bowl": 0.9263157894736842, "keyboard": 0.4418604651162791, "microwave": 0.5306122448979592, "mouse": 0.045454545454545456, "cup": 0.9629629629629629, "cake": 0.3277310924369748, "pillow": 0.425531914893617, "remote": 0.28205128205128205, "toothbrush": 0.0, "towel": 0.4918032786885246, "wine glass": 0.05555555555555555}}