{"total_accuracy": 0.829327684856015, "named_class_accuracies": {"cell phone": 0.8396946564885496, "toothbrush": 0.6666666666666666, "wine glass": 0.6967930029154519, "cup": 0.8843159065628476, "knife": 0.8711656441717791, "bowl": 0.8306709265175719, "apple": 0.895397489539749, "cake": 0.8386075949367089, "mouse": 0.8962264150943396, "remote": 0.784452296819788, "keyboard": 0.8562091503267973, "microwave": 0.8909090909090909, "book": 0.9371231696813093, "towel": 0.7543859649122807, "pillow": 0.7972972972972973}}