{"total_accuracy": 0.4824735156380253, "named_class_accuracies": {"apple": 0.175, "book": 0.6829268292682927, "cell phone": 0.9032258064516129, "knife": 0.2857142857142857, "bowl": 0.972972972972973, "keyboard": 0.9230769230769231, "microwave": 0.21739130434782608, "mouse": 0.2631578947368421, "cup": 0.8518518518518519, "cake": 0.39080459770114945, "pillow": 0.16455696202531644, "remote": 0.8648648648648649, "toothbrush": 0.0, "towel": 0.22727272727272727, "wine glass": 0.3142857142857143}}