{"total_accuracy": 0.507824509751565, "named_class_accuracies": {"apple": 0.32142857142857145, "book": 0.8773584905660378, "cell phone": 0.5188679245283019, "knife": 0.22666666666666666, "bowl": 0.8378378378378378, "keyboard": 0.9024390243902439, "microwave": 0.38596491228070173, "mouse": 0.36363636363636365, "cup": 0.7796610169491526, "cake": 0.46853146853146854, "pillow": 0.3111111111111111, "remote": 0.7142857142857143, "toothbrush": 0.16666666666666666, "towel": 0.45555555555555555, "wine glass": 0.28735632183908044}}