{"total_accuracy": 0.4934020913390967, "named_class_accuracies": {"sheep": 0.5, "knife": 0.21875, "fire hydrant": 0.6354166666666666, "tennis racket": 0.6060606060606061, "wine glass": 0.5714285714285714, "snowboard": 0.43243243243243246, "kite": 0.5403225806451613, "skateboard": 0.38461538461538464, "tie": 0.6521739130434783, "bicycle": 0.4827586206896552, "mouse": 0.3108108108108108, "bird": 0.34615384615384615, "bottle": 0.5166666666666667, "bus": 0.7241379310344828, "remote": 0.5892857142857143, "skis": 0.4696969696969697, "traffic light": 0.8448275862068966, "boat": 0.48936170212765956, "horse": 0.5166666666666667, "potted plant": 0.6142857142857143, "cake": 0.625, "apple": 0.7222222222222222, "toothbrush": 0.11764705882352941, "clock": 0.9423076923076923, "motorcycle": 0.3780487804878049, "sports ball": 0.21568627450980393, "umbrella": 0.6704545454545454, "bowl": 0.40384615384615385, "cup": 0.5714285714285714, "dog": 0.47560975609756095, "surfboard": 0.35, "vase": 0.4625, "book": 0.5476190476190477, "banana": 0.7205882352941176, "backpack": 0.2857142857142857, "train": 0.6617647058823529, "suitcase": 0.45161290322580644, "stop sign": 0.8518518518518519, "donut": 0.4444444444444444, "car": 0.22857142857142856, "truck": 0.4074074074074074, "orange": 0.5833333333333334, "sink": 0.6351351351351351, "baseball bat": 0.5151515151515151, "baseball glove": 0.0641025641025641, "airplane": 0.5769230769230769, "frisbee": 0.421875, "cell phone": 0.43103448275862066, "bench": 0.5972222222222222, "fork": 0.35714285714285715, "cow": 0.5, "carrot": 0.4772727272727273, "chair": 0.5263157894736842, "parking meter": 0.37142857142857144, "spoon": 0.1}}