{"total_accuracy": 0.43074576395874997, "named_class_accuracies": {"sheep": 0.4215686274509804, "knife": 0.125, "fire hydrant": 0.65625, "tennis racket": 0.5606060606060606, "wine glass": 0.625, "snowboard": 0.10810810810810811, "kite": 0.27419354838709675, "skateboard": 0.20512820512820512, "tie": 0.41304347826086957, "bicycle": 0.39655172413793105, "mouse": 0.2702702702702703, "bird": 0.38461538461538464, "bottle": 0.5, "bus": 0.5862068965517241, "remote": 0.375, "skis": 0.19696969696969696, "traffic light": 0.6982758620689655, "boat": 0.32978723404255317, "horse": 0.4166666666666667, "potted plant": 0.5285714285714286, "cake": 0.6071428571428571, "apple": 0.7407407407407407, "toothbrush": 0.058823529411764705, "clock": 0.8846153846153846, "motorcycle": 0.25609756097560976, "sports ball": 0.24509803921568626, "umbrella": 0.7045454545454546, "bowl": 0.5, "cup": 0.5178571428571429, "dog": 0.524390243902439, "surfboard": 0.3, "vase": 0.475, "book": 0.42857142857142855, "banana": 0.6323529411764706, "backpack": 0.2857142857142857, "train": 0.5735294117647058, "suitcase": 0.5, "stop sign": 0.8148148148148148, "donut": 0.5333333333333333, "car": 0.38571428571428573, "truck": 0.42592592592592593, "orange": 0.65, "sink": 0.44594594594594594, "baseball bat": 0.36363636363636365, "baseball glove": 0.10256410256410256, "airplane": 0.4423076923076923, "frisbee": 0.390625, "cell phone": 0.4482758620689655, "bench": 0.5277777777777778, "fork": 0.21428571428571427, "cow": 0.37962962962962965, "carrot": 0.4318181818181818, "chair": 0.39473684210526316, "parking meter": 0.3, "spoon": 0.13333333333333333}}