{"total_accuracy": 0.4704157036085976, "named_class_accuracies": {"sheep": 0.4411764705882353, "knife": 0.28125, "fire hydrant": 0.7395833333333334, "tennis racket": 0.6060606060606061, "wine glass": 0.6607142857142857, "snowboard": 0.08108108108108109, "kite": 0.24193548387096775, "skateboard": 0.2564102564102564, "tie": 0.32608695652173914, "bicycle": 0.5, "mouse": 0.21621621621621623, "bird": 0.36153846153846153, "bottle": 0.75, "bus": 0.6206896551724138, "remote": 0.48214285714285715, "skis": 0.22727272727272727, "traffic light": 0.6551724137931034, "boat": 0.2872340425531915, "horse": 0.3, "potted plant": 0.7, "cake": 0.7678571428571429, "apple": 0.6296296296296297, "toothbrush": 0.11764705882352941, "clock": 0.875, "motorcycle": 0.43902439024390244, "sports ball": 0.37254901960784315, "umbrella": 0.625, "bowl": 0.5384615384615384, "cup": 0.625, "dog": 0.6219512195121951, "surfboard": 0.3, "vase": 0.4875, "book": 0.5476190476190477, "banana": 0.7058823529411765, "backpack": 0.3142857142857143, "train": 0.6470588235294118, "suitcase": 0.5, "stop sign": 0.8888888888888888, "donut": 0.5222222222222223, "car": 0.5142857142857142, "truck": 0.3888888888888889, "orange": 0.65, "sink": 0.4594594594594595, "baseball bat": 0.45454545454545453, "baseball glove": 0.19230769230769232, "airplane": 0.41346153846153844, "frisbee": 0.5625, "cell phone": 0.3793103448275862, "bench": 0.4305555555555556, "fork": 0.2857142857142857, "cow": 0.3333333333333333, "carrot": 0.4318181818181818, "chair": 0.47368421052631576, "parking meter": 0.34285714285714286, "spoon": 0.3}}