{"total_accuracy": 0.5736197538066613, "named_class_accuracies": {"sheep": 0.5490196078431373, "knife": 0.46875, "fire hydrant": 0.8125, "tennis racket": 0.7424242424242424, "wine glass": 0.625, "snowboard": 0.4594594594594595, "kite": 0.43548387096774194, "skateboard": 0.5512820512820513, "tie": 0.6086956521739131, "bicycle": 0.6551724137931034, "mouse": 0.3918918918918919, "bird": 0.5538461538461539, "bottle": 0.7666666666666667, "bus": 0.7413793103448276, "remote": 0.5535714285714286, "skis": 0.6515151515151515, "traffic light": 0.8275862068965517, "boat": 0.5319148936170213, "horse": 0.5666666666666667, "potted plant": 0.8285714285714286, "cake": 0.8392857142857143, "apple": 0.6666666666666666, "toothbrush": 0.08823529411764706, "clock": 0.9519230769230769, "motorcycle": 0.6341463414634146, "sports ball": 0.43137254901960786, "umbrella": 0.6818181818181818, "bowl": 0.5384615384615384, "cup": 0.5714285714285714, "dog": 0.6707317073170732, "surfboard": 0.5, "vase": 0.5625, "book": 0.5476190476190477, "banana": 0.7352941176470589, "backpack": 0.37142857142857144, "train": 0.7205882352941176, "suitcase": 0.5161290322580645, "stop sign": 0.8703703703703703, "donut": 0.4888888888888889, "car": 0.4714285714285714, "truck": 0.35185185185185186, "orange": 0.5833333333333334, "sink": 0.6891891891891891, "baseball bat": 0.5, "baseball glove": 0.2564102564102564, "airplane": 0.5480769230769231, "frisbee": 0.53125, "cell phone": 0.5689655172413793, "bench": 0.6805555555555556, "fork": 0.40476190476190477, "cow": 0.5, "carrot": 0.5454545454545454, "chair": 0.5, "parking meter": 0.44285714285714284, "spoon": 0.26666666666666666}}