{"total_accuracy": 0.41579814778176927, "named_class_accuracies": {"sheep": 0.4215686274509804, "knife": 0.125, "fire hydrant": 0.6666666666666666, "tennis racket": 0.5606060606060606, "wine glass": 0.625, "snowboard": 0.13513513513513514, "kite": 0.25806451612903225, "skateboard": 0.20512820512820512, "tie": 0.15217391304347827, "bicycle": 0.39655172413793105, "mouse": 0.21621621621621623, "bird": 0.38461538461538464, "bottle": 0.5666666666666667, "bus": 0.5862068965517241, "remote": 0.30357142857142855, "skis": 0.16666666666666666, "traffic light": 0.7068965517241379, "boat": 0.2553191489361702, "horse": 0.2833333333333333, "potted plant": 0.5142857142857142, "cake": 0.6607142857142857, "apple": 0.7962962962962963, "toothbrush": 0.11764705882352941, "clock": 0.8942307692307693, "motorcycle": 0.3780487804878049, "sports ball": 0.19607843137254902, "umbrella": 0.7045454545454546, "bowl": 0.4423076923076923, "cup": 0.5535714285714286, "dog": 0.5121951219512195, "surfboard": 0.125, "vase": 0.475, "book": 0.5, "banana": 0.6617647058823529, "backpack": 0.2571428571428571, "train": 0.5147058823529411, "suitcase": 0.3387096774193548, "stop sign": 0.8148148148148148, "donut": 0.45555555555555555, "car": 0.4142857142857143, "truck": 0.3888888888888889, "orange": 0.6166666666666667, "sink": 0.4864864864864865, "baseball bat": 0.4696969696969697, "baseball glove": 0.07692307692307693, "airplane": 0.3557692307692308, "frisbee": 0.390625, "cell phone": 0.41379310344827586, "bench": 0.5, "fork": 0.3333333333333333, "cow": 0.46296296296296297, "carrot": 0.3181818181818182, "chair": 0.2894736842105263, "parking meter": 0.2571428571428571, "spoon": 0.16666666666666666}}