{"total_accuracy": 0.6007634325549294, "named_class_accuracies": {"sheep": 0.5784313725490197, "knife": 0.46875, "fire hydrant": 0.7708333333333334, "tennis racket": 0.8181818181818182, "wine glass": 0.6607142857142857, "snowboard": 0.4864864864864865, "kite": 0.46774193548387094, "skateboard": 0.48717948717948717, "tie": 0.5434782608695652, "bicycle": 0.6551724137931034, "mouse": 0.47297297297297297, "bird": 0.5923076923076923, "bottle": 0.8, "bus": 0.7586206896551724, "remote": 0.6607142857142857, "skis": 0.7121212121212122, "traffic light": 0.8793103448275862, "boat": 0.5531914893617021, "horse": 0.5833333333333334, "potted plant": 0.8428571428571429, "cake": 0.8214285714285714, "apple": 0.6851851851851852, "toothbrush": 0.11764705882352941, "clock": 0.9326923076923077, "motorcycle": 0.6585365853658537, "sports ball": 0.49019607843137253, "umbrella": 0.7159090909090909, "bowl": 0.4423076923076923, "cup": 0.6607142857142857, "dog": 0.6219512195121951, "surfboard": 0.5, "vase": 0.55, "book": 0.5476190476190477, "banana": 0.7794117647058824, "backpack": 0.45714285714285713, "train": 0.75, "suitcase": 0.532258064516129, "stop sign": 0.8703703703703703, "donut": 0.5777777777777777, "car": 0.5142857142857142, "truck": 0.3888888888888889, "orange": 0.6333333333333333, "sink": 0.7567567567567568, "baseball bat": 0.6212121212121212, "baseball glove": 0.3717948717948718, "airplane": 0.6346153846153846, "frisbee": 0.546875, "cell phone": 0.6379310344827587, "bench": 0.6805555555555556, "fork": 0.47619047619047616, "cow": 0.5185185185185185, "carrot": 0.5454545454545454, "chair": 0.5263157894736842, "parking meter": 0.38571428571428573, "spoon": 0.3}}