{"total_accuracy": 0.5100947967708404, "named_class_accuracies": {"sheep": 0.47058823529411764, "knife": 0.3125, "fire hydrant": 0.7708333333333334, "tennis racket": 0.6212121212121212, "wine glass": 0.6607142857142857, "snowboard": 0.17567567567567569, "kite": 0.25806451612903225, "skateboard": 0.2948717948717949, "tie": 0.5434782608695652, "bicycle": 0.5344827586206896, "mouse": 0.22972972972972974, "bird": 0.4153846153846154, "bottle": 0.8166666666666667, "bus": 0.7586206896551724, "remote": 0.44642857142857145, "skis": 0.2878787878787879, "traffic light": 0.7068965517241379, "boat": 0.35106382978723405, "horse": 0.38333333333333336, "potted plant": 0.7, "cake": 0.8392857142857143, "apple": 0.7592592592592593, "toothbrush": 0.08823529411764706, "clock": 0.8557692307692307, "motorcycle": 0.5609756097560976, "sports ball": 0.4215686274509804, "umbrella": 0.6931818181818182, "bowl": 0.6153846153846154, "cup": 0.6071428571428571, "dog": 0.6707317073170732, "surfboard": 0.25, "vase": 0.6, "book": 0.47619047619047616, "banana": 0.7205882352941176, "backpack": 0.35714285714285715, "train": 0.6470588235294118, "suitcase": 0.5645161290322581, "stop sign": 0.8611111111111112, "donut": 0.6444444444444445, "car": 0.4714285714285714, "truck": 0.35185185185185186, "orange": 0.75, "sink": 0.5675675675675675, "baseball bat": 0.5, "baseball glove": 0.2564102564102564, "airplane": 0.4807692307692308, "frisbee": 0.53125, "cell phone": 0.43103448275862066, "bench": 0.4444444444444444, "fork": 0.3333333333333333, "cow": 0.3148148148148148, "carrot": 0.5227272727272727, "chair": 0.5, "parking meter": 0.32857142857142857, "spoon": 0.3}}