{"total_accuracy": 0.439707619971477, "named_class_accuracies": {"sheep": 0.4215686274509804, "knife": 0.25, "fire hydrant": 0.7083333333333334, "tennis racket": 0.5757575757575758, "wine glass": 0.6071428571428571, "snowboard": 0.10810810810810811, "kite": 0.25806451612903225, "skateboard": 0.19230769230769232, "tie": 0.2608695652173913, "bicycle": 0.4827586206896552, "mouse": 0.22972972972972974, "bird": 0.3153846153846154, "bottle": 0.65, "bus": 0.5689655172413793, "remote": 0.5, "skis": 0.13636363636363635, "traffic light": 0.6206896551724138, "boat": 0.32978723404255317, "horse": 0.23333333333333334, "potted plant": 0.6714285714285714, "cake": 0.5535714285714286, "apple": 0.7962962962962963, "toothbrush": 0.029411764705882353, "clock": 0.8846153846153846, "motorcycle": 0.4634146341463415, "sports ball": 0.17647058823529413, "umbrella": 0.6136363636363636, "bowl": 0.5769230769230769, "cup": 0.5178571428571429, "dog": 0.6097560975609756, "surfboard": 0.275, "vase": 0.4875, "book": 0.35714285714285715, "banana": 0.6617647058823529, "backpack": 0.3, "train": 0.5, "suitcase": 0.5806451612903226, "stop sign": 0.8240740740740741, "donut": 0.4888888888888889, "car": 0.3, "truck": 0.3888888888888889, "orange": 0.6166666666666667, "sink": 0.5540540540540541, "baseball bat": 0.2878787878787879, "baseball glove": 0.0641025641025641, "airplane": 0.4423076923076923, "frisbee": 0.40625, "cell phone": 0.5344827586206896, "bench": 0.5555555555555556, "fork": 0.2619047619047619, "cow": 0.48148148148148145, "carrot": 0.6136363636363636, "chair": 0.42105263157894735, "parking meter": 0.2714285714285714, "spoon": 0.16666666666666666}}