{"total_accuracy": 0.49936672678607585, "named_class_accuracies": {"sheep": 0.4411764705882353, "knife": 0.28125, "fire hydrant": 0.6770833333333334, "tennis racket": 0.6515151515151515, "wine glass": 0.5892857142857143, "snowboard": 0.47297297297297297, "kite": 0.5, "skateboard": 0.41025641025641024, "tie": 0.6086956521739131, "bicycle": 0.6206896551724138, "mouse": 0.28378378378378377, "bird": 0.3153846153846154, "bottle": 0.6333333333333333, "bus": 0.7241379310344828, "remote": 0.6071428571428571, "skis": 0.45454545454545453, "traffic light": 0.7413793103448276, "boat": 0.39361702127659576, "horse": 0.38333333333333336, "potted plant": 0.6142857142857143, "cake": 0.6785714285714286, "apple": 0.7592592592592593, "toothbrush": 0.11764705882352941, "clock": 0.9519230769230769, "motorcycle": 0.4634146341463415, "sports ball": 0.11764705882352941, "umbrella": 0.6363636363636364, "bowl": 0.5192307692307693, "cup": 0.5714285714285714, "dog": 0.5365853658536586, "surfboard": 0.35, "vase": 0.4875, "book": 0.5714285714285714, "banana": 0.6764705882352942, "backpack": 0.2, "train": 0.5588235294117647, "suitcase": 0.3709677419354839, "stop sign": 0.8240740740740741, "donut": 0.4666666666666667, "car": 0.37142857142857144, "truck": 0.48148148148148145, "orange": 0.6333333333333333, "sink": 0.7837837837837838, "baseball bat": 0.42424242424242425, "baseball glove": 0.1282051282051282, "airplane": 0.46153846153846156, "frisbee": 0.296875, "cell phone": 0.5862068965517241, "bench": 0.6111111111111112, "fork": 0.2857142857142857, "cow": 0.5555555555555556, "carrot": 0.6818181818181818, "chair": 0.42105263157894735, "parking meter": 0.21428571428571427, "spoon": 0.26666666666666666}}