{"total_accuracy": 0.4974269372435963, "named_class_accuracies": {"sheep": 0.4411764705882353, "knife": 0.1875, "fire hydrant": 0.625, "tennis racket": 0.5757575757575758, "wine glass": 0.6071428571428571, "snowboard": 0.22972972972972974, "kite": 0.4838709677419355, "skateboard": 0.358974358974359, "tie": 0.6304347826086957, "bicycle": 0.5689655172413793, "mouse": 0.25675675675675674, "bird": 0.4230769230769231, "bottle": 0.6333333333333333, "bus": 0.7586206896551724, "remote": 0.5357142857142857, "skis": 0.4696969696969697, "traffic light": 0.8448275862068966, "boat": 0.43617021276595747, "horse": 0.4, "potted plant": 0.5714285714285714, "cake": 0.5892857142857143, "apple": 0.7962962962962963, "toothbrush": 0.029411764705882353, "clock": 0.9326923076923077, "motorcycle": 0.4878048780487805, "sports ball": 0.17647058823529413, "umbrella": 0.7272727272727273, "bowl": 0.5, "cup": 0.4642857142857143, "dog": 0.47560975609756095, "surfboard": 0.35, "vase": 0.5, "book": 0.5952380952380952, "banana": 0.5735294117647058, "backpack": 0.24285714285714285, "train": 0.6911764705882353, "suitcase": 0.5, "stop sign": 0.8518518518518519, "donut": 0.4, "car": 0.4857142857142857, "truck": 0.37037037037037035, "orange": 0.55, "sink": 0.7297297297297297, "baseball bat": 0.4393939393939394, "baseball glove": 0.21794871794871795, "airplane": 0.5576923076923077, "frisbee": 0.484375, "cell phone": 0.5344827586206896, "bench": 0.6527777777777778, "fork": 0.3333333333333333, "cow": 0.5370370370370371, "carrot": 0.3409090909090909, "chair": 0.5789473684210527, "parking meter": 0.35714285714285715, "spoon": 0.26666666666666666}}