{"total_accuracy": 0.45498640176558053, "named_class_accuracies": {"sheep": 0.47058823529411764, "knife": 0.1875, "fire hydrant": 0.6979166666666666, "tennis racket": 0.6060606060606061, "wine glass": 0.6964285714285714, "snowboard": 0.14864864864864866, "kite": 0.31451612903225806, "skateboard": 0.28205128205128205, "tie": 0.15217391304347827, "bicycle": 0.4827586206896552, "mouse": 0.22972972972972974, "bird": 0.4230769230769231, "bottle": 0.7, "bus": 0.7413793103448276, "remote": 0.4642857142857143, "skis": 0.15151515151515152, "traffic light": 0.7844827586206896, "boat": 0.2978723404255319, "horse": 0.3333333333333333, "potted plant": 0.4857142857142857, "cake": 0.5892857142857143, "apple": 0.7592592592592593, "toothbrush": 0.11764705882352941, "clock": 0.8653846153846154, "motorcycle": 0.43902439024390244, "sports ball": 0.29411764705882354, "umbrella": 0.6477272727272727, "bowl": 0.5961538461538461, "cup": 0.5535714285714286, "dog": 0.524390243902439, "surfboard": 0.225, "vase": 0.4875, "book": 0.42857142857142855, "banana": 0.6029411764705882, "backpack": 0.2857142857142857, "train": 0.6323529411764706, "suitcase": 0.4838709677419355, "stop sign": 0.8425925925925926, "donut": 0.5, "car": 0.5285714285714286, "truck": 0.3333333333333333, "orange": 0.65, "sink": 0.5540540540540541, "baseball bat": 0.4090909090909091, "baseball glove": 0.14102564102564102, "airplane": 0.4519230769230769, "frisbee": 0.453125, "cell phone": 0.4482758620689655, "bench": 0.4722222222222222, "fork": 0.21428571428571427, "cow": 0.42592592592592593, "carrot": 0.4318181818181818, "chair": 0.4473684210526316, "parking meter": 0.37142857142857144, "spoon": 0.16666666666666666}}