{"total_accuracy": 0.6039811090030769, "named_class_accuracies": {"sheep": 0.5392156862745098, "knife": 0.4375, "fire hydrant": 0.7916666666666666, "tennis racket": 0.7272727272727273, "wine glass": 0.6785714285714286, "snowboard": 0.4594594594594595, "kite": 0.4274193548387097, "skateboard": 0.5256410256410257, "tie": 0.7391304347826086, "bicycle": 0.5689655172413793, "mouse": 0.5675675675675675, "bird": 0.5461538461538461, "bottle": 0.6833333333333333, "bus": 0.7586206896551724, "remote": 0.7678571428571429, "skis": 0.6060606060606061, "traffic light": 0.7155172413793104, "boat": 0.44680851063829785, "horse": 0.5166666666666667, "potted plant": 0.8571428571428571, "cake": 0.8392857142857143, "apple": 0.8518518518518519, "toothbrush": 0.08823529411764706, "clock": 0.9615384615384616, "motorcycle": 0.6707317073170732, "sports ball": 0.3627450980392157, "umbrella": 0.7727272727272727, "bowl": 0.5576923076923077, "cup": 0.6428571428571429, "dog": 0.6707317073170732, "surfboard": 0.35, "vase": 0.65, "book": 0.42857142857142855, "banana": 0.7794117647058824, "backpack": 0.4142857142857143, "train": 0.7205882352941176, "suitcase": 0.5645161290322581, "stop sign": 0.9166666666666666, "donut": 0.5555555555555556, "car": 0.4142857142857143, "truck": 0.4444444444444444, "orange": 0.7166666666666667, "sink": 0.7702702702702703, "baseball bat": 0.6363636363636364, "baseball glove": 0.32051282051282054, "airplane": 0.5865384615384616, "frisbee": 0.5625, "cell phone": 0.7241379310344828, "bench": 0.6805555555555556, "fork": 0.6428571428571429, "cow": 0.5462962962962963, "carrot": 0.5909090909090909, "chair": 0.5526315789473685, "parking meter": 0.37142857142857144, "spoon": 0.5}}