{"total_accuracy": 0.5210574570578518, "named_class_accuracies": {"sheep": 0.49019607843137253, "knife": 0.15625, "fire hydrant": 0.7604166666666666, "tennis racket": 0.6666666666666666, "wine glass": 0.7142857142857143, "snowboard": 0.13513513513513514, "kite": 0.25806451612903225, "skateboard": 0.38461538461538464, "tie": 0.6086956521739131, "bicycle": 0.4827586206896552, "mouse": 0.40540540540540543, "bird": 0.4461538461538462, "bottle": 0.6666666666666666, "bus": 0.7413793103448276, "remote": 0.625, "skis": 0.22727272727272727, "traffic light": 0.6551724137931034, "boat": 0.2872340425531915, "horse": 0.36666666666666664, "potted plant": 0.7428571428571429, "cake": 0.7678571428571429, "apple": 0.8518518518518519, "toothbrush": 0.11764705882352941, "clock": 0.9134615384615384, "motorcycle": 0.573170731707317, "sports ball": 0.3431372549019608, "umbrella": 0.75, "bowl": 0.5384615384615384, "cup": 0.5714285714285714, "dog": 0.5975609756097561, "surfboard": 0.2, "vase": 0.6625, "book": 0.3333333333333333, "banana": 0.7205882352941176, "backpack": 0.38571428571428573, "train": 0.7647058823529411, "suitcase": 0.6129032258064516, "stop sign": 0.8703703703703703, "donut": 0.6111111111111112, "car": 0.5142857142857142, "truck": 0.37037037037037035, "orange": 0.7, "sink": 0.5405405405405406, "baseball bat": 0.4393939393939394, "baseball glove": 0.23076923076923078, "airplane": 0.5288461538461539, "frisbee": 0.515625, "cell phone": 0.5689655172413793, "bench": 0.4583333333333333, "fork": 0.42857142857142855, "cow": 0.37962962962962965, "carrot": 0.6590909090909091, "chair": 0.5789473684210527, "parking meter": 0.37142857142857144, "spoon": 0.36666666666666664}}