{"total_accuracy": 0.8194546555376231, "named_class_accuracies": {"dog": 0.7706422018348624, "cat": 0.8762376237623762, "horse": 0.8498168498168498, "couch": 0.5172413793103449, "chair": 0.8587381351200447, "bicycle": 0.7025316455696202, "car": 0.9254658385093167, "motorcycle": 0.8059299191374663, "airplane": 0.9020979020979021, "bus": 0.743859649122807, "train": 0.8, "boat": 0.8395348837209302, "person": 0.982642675390767, "umbrella": 0.8305084745762712, "tie": 0.8740157480314961, "bed": 0.6748466257668712, "cell phone": 0.8702290076335878, "refrigerator": 0.8571428571428571, "clock": 0.9101123595505618, "truck": 0.4650602409638554, "traffic light": 0.9073783359497645, "bench": 0.6658595641646489, "skateboard": 0.88268156424581, "surfboard": 0.828996282527881, "handbag": 0.7870370370370371, "suitcase": 0.6666666666666666, "elephant": 0.9294117647058824, "giraffe": 0.9698275862068966, "sports ball": 0.8783269961977186, "table": 0.8733509234828496, "road": 0.9330289193302892, "tree": 0.9763934426229508, "roof": 0.6863905325443787}}