{"total_accuracy": 0.7132642998768651, "named_class_accuracies": {"person": 0.9965811965811966, "bicycle": 0.7014925373134329, "car": 0.7926829268292683, "road": 0.8571428571428571, "tree": 0.9397590361445783, "bus": 0.5833333333333334, "truck": 0.75, "elephant": 0.8061224489795918, "dog": 0.771505376344086, "cat": 0.7619047619047619, "skateboard": 0.7142857142857143, "horse": 0.8148148148148148, "tie": 0.8846153846153846, "motorcycle": 0.8, "umbrella": 0.6666666666666666, "couch": 0.625, "chair": 0.6222222222222222, "table": 0.4864864864864865, "bed": 0.7272727272727273, "refrigerator": 0.8518518518518519, "traffic light": 0.5625, "boat": 1.0, "giraffe": 0.8235294117647058, "suitcase": 0.515625, "bench": 0.8421052631578947, "airplane": 0.35294117647058826, "train": 0.5789473684210527, "clock": 0.0, "sports ball": 1.0, "roof": 0.375, "surfboard": 1.0, "handbag": 0.3333333333333333, "cell phone": 1.0}}