{"total_accuracy": 0.4240869000964763, "named_class_accuracies": {"apple": 0.05555555555555555, "book": 0.6619718309859155, "cell phone": 0.5967741935483871, "knife": 0.1864406779661017, "bowl": 0.9722222222222222, "keyboard": 0.7666666666666667, "microwave": 0.46835443037974683, "mouse": 0.08571428571428572, "cup": 0.8852459016393442, "cake": 0.2751677852348993, "pillow": 0.18421052631578946, "remote": 0.7313432835820896, "toothbrush": 0.05555555555555555, "towel": 0.2976190476190476, "wine glass": 0.13846153846153847}}