{"total_accuracy": 0.4930734620116067, "named_class_accuracies": {"sheep": 0.47058823529411764, "knife": 0.125, "fire hydrant": 0.6458333333333334, "tennis racket": 0.6363636363636364, "wine glass": 0.625, "snowboard": 0.3783783783783784, "kite": 0.5806451612903226, "skateboard": 0.44871794871794873, "tie": 0.5217391304347826, "bicycle": 0.5517241379310345, "mouse": 0.21621621621621623, "bird": 0.4076923076923077, "bottle": 0.5166666666666667, "bus": 0.7586206896551724, "remote": 0.39285714285714285, "skis": 0.4090909090909091, "traffic light": 0.853448275862069, "boat": 0.3617021276595745, "horse": 0.45, "potted plant": 0.6571428571428571, "cake": 0.6607142857142857, "apple": 0.7777777777777778, "toothbrush": 0.11764705882352941, "clock": 0.9615384615384616, "motorcycle": 0.35365853658536583, "sports ball": 0.22549019607843138, "umbrella": 0.7045454545454546, "bowl": 0.4230769230769231, "cup": 0.5357142857142857, "dog": 0.524390243902439, "surfboard": 0.45, "vase": 0.5375, "book": 0.5, "banana": 0.6470588235294118, "backpack": 0.2857142857142857, "train": 0.6617647058823529, "suitcase": 0.3870967741935484, "stop sign": 0.8333333333333334, "donut": 0.37777777777777777, "car": 0.42857142857142855, "truck": 0.3888888888888889, "orange": 0.5666666666666667, "sink": 0.7432432432432432, "baseball bat": 0.5606060606060606, "baseball glove": 0.11538461538461539, "airplane": 0.5, "frisbee": 0.4375, "cell phone": 0.41379310344827586, "bench": 0.6527777777777778, "fork": 0.42857142857142855, "cow": 0.5833333333333334, "carrot": 0.45454545454545453, "chair": 0.3157894736842105, "parking meter": 0.2571428571428571, "spoon": 0.3}}