{"total_accuracy": 0.5836703870677551, "named_class_accuracies": {"sheep": 0.5196078431372549, "knife": 0.40625, "fire hydrant": 0.8020833333333334, "tennis racket": 0.696969696969697, "wine glass": 0.6785714285714286, "snowboard": 0.4864864864864865, "kite": 0.3225806451612903, "skateboard": 0.44871794871794873, "tie": 0.8260869565217391, "bicycle": 0.6206896551724138, "mouse": 0.5, "bird": 0.5, "bottle": 0.6666666666666666, "bus": 0.7758620689655172, "remote": 0.7321428571428571, "skis": 0.5757575757575758, "traffic light": 0.7155172413793104, "boat": 0.46808510638297873, "horse": 0.4, "potted plant": 0.8571428571428571, "cake": 0.8214285714285714, "apple": 0.7777777777777778, "toothbrush": 0.08823529411764706, "clock": 0.9711538461538461, "motorcycle": 0.6097560975609756, "sports ball": 0.2647058823529412, "umbrella": 0.7272727272727273, "bowl": 0.5961538461538461, "cup": 0.6607142857142857, "dog": 0.5975609756097561, "surfboard": 0.375, "vase": 0.725, "book": 0.42857142857142855, "banana": 0.7794117647058824, "backpack": 0.4, "train": 0.7205882352941176, "suitcase": 0.5967741935483871, "stop sign": 0.8796296296296297, "donut": 0.5111111111111111, "car": 0.45714285714285713, "truck": 0.37037037037037035, "orange": 0.6333333333333333, "sink": 0.7027027027027027, "baseball bat": 0.5757575757575758, "baseball glove": 0.3076923076923077, "airplane": 0.5, "frisbee": 0.53125, "cell phone": 0.6379310344827587, "bench": 0.7083333333333334, "fork": 0.5238095238095238, "cow": 0.5648148148148148, "carrot": 0.6363636363636364, "chair": 0.6842105263157895, "parking meter": 0.37142857142857144, "spoon": 0.36666666666666664}}