{"total_accuracy": 0.4777440755446998, "named_class_accuracies": {"sheep": 0.45098039215686275, "knife": 0.28125, "fire hydrant": 0.75, "tennis racket": 0.5606060606060606, "wine glass": 0.7142857142857143, "snowboard": 0.10810810810810811, "kite": 0.20967741935483872, "skateboard": 0.3333333333333333, "tie": 0.5652173913043478, "bicycle": 0.4482758620689655, "mouse": 0.36486486486486486, "bird": 0.34615384615384615, "bottle": 0.6666666666666666, "bus": 0.7068965517241379, "remote": 0.6785714285714286, "skis": 0.15151515151515152, "traffic light": 0.6724137931034483, "boat": 0.2553191489361702, "horse": 0.31666666666666665, "potted plant": 0.6571428571428571, "cake": 0.6607142857142857, "apple": 0.7222222222222222, "toothbrush": 0.0, "clock": 0.9423076923076923, "motorcycle": 0.4878048780487805, "sports ball": 0.24509803921568626, "umbrella": 0.7272727272727273, "bowl": 0.5384615384615384, "cup": 0.5892857142857143, "dog": 0.47560975609756095, "surfboard": 0.225, "vase": 0.65, "book": 0.35714285714285715, "banana": 0.6911764705882353, "backpack": 0.34285714285714286, "train": 0.6764705882352942, "suitcase": 0.6129032258064516, "stop sign": 0.8611111111111112, "donut": 0.5111111111111111, "car": 0.4714285714285714, "truck": 0.3333333333333333, "orange": 0.65, "sink": 0.32432432432432434, "baseball bat": 0.4696969696969697, "baseball glove": 0.16666666666666666, "airplane": 0.3942307692307692, "frisbee": 0.484375, "cell phone": 0.46551724137931033, "bench": 0.5, "fork": 0.4523809523809524, "cow": 0.42592592592592593, "carrot": 0.5454545454545454, "chair": 0.5, "parking meter": 0.37142857142857144, "spoon": 0.16666666666666666}}