{"total_accuracy": 0.46671088070836403, "named_class_accuracies": {"sheep": 0.43137254901960786, "knife": 0.25, "fire hydrant": 0.7604166666666666, "tennis racket": 0.6515151515151515, "wine glass": 0.6607142857142857, "snowboard": 0.20270270270270271, "kite": 0.23387096774193547, "skateboard": 0.2948717948717949, "tie": 0.2391304347826087, "bicycle": 0.5344827586206896, "mouse": 0.22972972972972974, "bird": 0.3923076923076923, "bottle": 0.75, "bus": 0.6724137931034483, "remote": 0.42857142857142855, "skis": 0.12121212121212122, "traffic light": 0.7672413793103449, "boat": 0.2978723404255319, "horse": 0.3, "potted plant": 0.6428571428571429, "cake": 0.6785714285714286, "apple": 0.7777777777777778, "toothbrush": 0.08823529411764706, "clock": 0.8173076923076923, "motorcycle": 0.4024390243902439, "sports ball": 0.2647058823529412, "umbrella": 0.7272727272727273, "bowl": 0.5769230769230769, "cup": 0.5714285714285714, "dog": 0.5365853658536586, "surfboard": 0.3, "vase": 0.525, "book": 0.4523809523809524, "banana": 0.7352941176470589, "backpack": 0.35714285714285715, "train": 0.6323529411764706, "suitcase": 0.5, "stop sign": 0.8055555555555556, "donut": 0.5888888888888889, "car": 0.5, "truck": 0.35185185185185186, "orange": 0.6, "sink": 0.527027027027027, "baseball bat": 0.36363636363636365, "baseball glove": 0.10256410256410256, "airplane": 0.5096153846153846, "frisbee": 0.4375, "cell phone": 0.43103448275862066, "bench": 0.4166666666666667, "fork": 0.2857142857142857, "cow": 0.39814814814814814, "carrot": 0.4772727272727273, "chair": 0.47368421052631576, "parking meter": 0.32857142857142857, "spoon": 0.26666666666666666}}