{"total_accuracy": 0.5550935718992497, "named_class_accuracies": {"sheep": 0.5294117647058824, "knife": 0.28125, "fire hydrant": 0.7083333333333334, "tennis racket": 0.7121212121212122, "wine glass": 0.5714285714285714, "snowboard": 0.47297297297297297, "kite": 0.3951612903225806, "skateboard": 0.5769230769230769, "tie": 0.5434782608695652, "bicycle": 0.6379310344827587, "mouse": 0.3918918918918919, "bird": 0.49230769230769234, "bottle": 0.6833333333333333, "bus": 0.7931034482758621, "remote": 0.6428571428571429, "skis": 0.3787878787878788, "traffic light": 0.8793103448275862, "boat": 0.5425531914893617, "horse": 0.5166666666666667, "potted plant": 0.7571428571428571, "cake": 0.7321428571428571, "apple": 0.7962962962962963, "toothbrush": 0.08823529411764706, "clock": 0.8942307692307693, "motorcycle": 0.5487804878048781, "sports ball": 0.30392156862745096, "umbrella": 0.7727272727272727, "bowl": 0.5192307692307693, "cup": 0.625, "dog": 0.573170731707317, "surfboard": 0.425, "vase": 0.6, "book": 0.6904761904761905, "banana": 0.7205882352941176, "backpack": 0.4142857142857143, "train": 0.7205882352941176, "suitcase": 0.3709677419354839, "stop sign": 0.8148148148148148, "donut": 0.5222222222222223, "car": 0.5714285714285714, "truck": 0.24074074074074073, "orange": 0.5833333333333334, "sink": 0.7027027027027027, "baseball bat": 0.5606060606060606, "baseball glove": 0.16666666666666666, "airplane": 0.6153846153846154, "frisbee": 0.453125, "cell phone": 0.5862068965517241, "bench": 0.6527777777777778, "fork": 0.42857142857142855, "cow": 0.46296296296296297, "carrot": 0.4772727272727273, "chair": 0.631578947368421, "parking meter": 0.35714285714285715, "spoon": 0.4}}