{"total_accuracy": 0.497626520424223, "named_class_accuracies": {"sheep": 0.4803921568627451, "knife": 0.15625, "fire hydrant": 0.6875, "tennis racket": 0.6212121212121212, "wine glass": 0.5714285714285714, "snowboard": 0.3918918918918919, "kite": 0.5483870967741935, "skateboard": 0.38461538461538464, "tie": 0.5434782608695652, "bicycle": 0.6896551724137931, "mouse": 0.21621621621621623, "bird": 0.38461538461538464, "bottle": 0.6, "bus": 0.7413793103448276, "remote": 0.6071428571428571, "skis": 0.4696969696969697, "traffic light": 0.8189655172413793, "boat": 0.44680851063829785, "horse": 0.4, "potted plant": 0.6571428571428571, "cake": 0.7142857142857143, "apple": 0.7407407407407407, "toothbrush": 0.08823529411764706, "clock": 0.9519230769230769, "motorcycle": 0.5, "sports ball": 0.09803921568627451, "umbrella": 0.6136363636363636, "bowl": 0.5961538461538461, "cup": 0.5357142857142857, "dog": 0.5487804878048781, "surfboard": 0.35, "vase": 0.5625, "book": 0.5, "banana": 0.7205882352941176, "backpack": 0.21428571428571427, "train": 0.5588235294117647, "suitcase": 0.41935483870967744, "stop sign": 0.8333333333333334, "donut": 0.4888888888888889, "car": 0.32857142857142857, "truck": 0.4444444444444444, "orange": 0.6, "sink": 0.7702702702702703, "baseball bat": 0.3787878787878788, "baseball glove": 0.10256410256410256, "airplane": 0.5192307692307693, "frisbee": 0.375, "cell phone": 0.5, "bench": 0.5833333333333334, "fork": 0.3333333333333333, "cow": 0.5092592592592593, "carrot": 0.5227272727272727, "chair": 0.47368421052631576, "parking meter": 0.24285714285714285, "spoon": 0.23333333333333334}}