{"total_accuracy": 0.4442605138942272, "named_class_accuracies": {"sheep": 0.47058823529411764, "knife": 0.15625, "fire hydrant": 0.6979166666666666, "tennis racket": 0.6515151515151515, "wine glass": 0.6964285714285714, "snowboard": 0.10810810810810811, "kite": 0.2661290322580645, "skateboard": 0.20512820512820512, "tie": 0.17391304347826086, "bicycle": 0.5689655172413793, "mouse": 0.22972972972972974, "bird": 0.3153846153846154, "bottle": 0.5833333333333334, "bus": 0.6896551724137931, "remote": 0.48214285714285715, "skis": 0.12121212121212122, "traffic light": 0.6120689655172413, "boat": 0.35106382978723405, "horse": 0.21666666666666667, "potted plant": 0.7428571428571429, "cake": 0.5, "apple": 0.7962962962962963, "toothbrush": 0.029411764705882353, "clock": 0.8846153846153846, "motorcycle": 0.4634146341463415, "sports ball": 0.19607843137254902, "umbrella": 0.6590909090909091, "bowl": 0.6153846153846154, "cup": 0.5357142857142857, "dog": 0.6219512195121951, "surfboard": 0.3, "vase": 0.475, "book": 0.30952380952380953, "banana": 0.6470588235294118, "backpack": 0.2714285714285714, "train": 0.5294117647058824, "suitcase": 0.5, "stop sign": 0.8611111111111112, "donut": 0.45555555555555555, "car": 0.2857142857142857, "truck": 0.4444444444444444, "orange": 0.6166666666666667, "sink": 0.5405405405405406, "baseball bat": 0.36363636363636365, "baseball glove": 0.05128205128205128, "airplane": 0.4423076923076923, "frisbee": 0.359375, "cell phone": 0.4482758620689655, "bench": 0.6111111111111112, "fork": 0.2619047619047619, "cow": 0.5092592592592593, "carrot": 0.5909090909090909, "chair": 0.4473684210526316, "parking meter": 0.2714285714285714, "spoon": 0.2}}