{"total_accuracy": 0.5631626074072988, "named_class_accuracies": {"sheep": 0.5392156862745098, "knife": 0.4375, "fire hydrant": 0.71875, "tennis racket": 0.6818181818181818, "wine glass": 0.6071428571428571, "snowboard": 0.44594594594594594, "kite": 0.4435483870967742, "skateboard": 0.5641025641025641, "tie": 0.6304347826086957, "bicycle": 0.6206896551724138, "mouse": 0.4189189189189189, "bird": 0.46153846153846156, "bottle": 0.7166666666666667, "bus": 0.7068965517241379, "remote": 0.625, "skis": 0.3484848484848485, "traffic light": 0.8275862068965517, "boat": 0.46808510638297873, "horse": 0.4666666666666667, "potted plant": 0.7857142857142857, "cake": 0.6964285714285714, "apple": 0.8148148148148148, "toothbrush": 0.23529411764705882, "clock": 0.8653846153846154, "motorcycle": 0.5365853658536586, "sports ball": 0.3431372549019608, "umbrella": 0.7386363636363636, "bowl": 0.4807692307692308, "cup": 0.5714285714285714, "dog": 0.6341463414634146, "surfboard": 0.45, "vase": 0.5625, "book": 0.6904761904761905, "banana": 0.7205882352941176, "backpack": 0.4, "train": 0.7941176470588235, "suitcase": 0.45161290322580644, "stop sign": 0.7870370370370371, "donut": 0.5888888888888889, "car": 0.5714285714285714, "truck": 0.2037037037037037, "orange": 0.5833333333333334, "sink": 0.8378378378378378, "baseball bat": 0.5606060606060606, "baseball glove": 0.1794871794871795, "airplane": 0.6153846153846154, "frisbee": 0.4375, "cell phone": 0.603448275862069, "bench": 0.6666666666666666, "fork": 0.5, "cow": 0.4074074074074074, "carrot": 0.5681818181818182, "chair": 0.6052631578947368, "parking meter": 0.35714285714285715, "spoon": 0.4}}