{"total_accuracy": 0.4865826874160259, "named_class_accuracies": {"sheep": 0.45098039215686275, "knife": 0.34375, "fire hydrant": 0.7395833333333334, "tennis racket": 0.6363636363636364, "wine glass": 0.6428571428571429, "snowboard": 0.20270270270270271, "kite": 0.23387096774193547, "skateboard": 0.34615384615384615, "tie": 0.32608695652173914, "bicycle": 0.5, "mouse": 0.28378378378378377, "bird": 0.4307692307692308, "bottle": 0.8, "bus": 0.7068965517241379, "remote": 0.5357142857142857, "skis": 0.12121212121212122, "traffic light": 0.7155172413793104, "boat": 0.2765957446808511, "horse": 0.35, "potted plant": 0.7285714285714285, "cake": 0.6964285714285714, "apple": 0.7962962962962963, "toothbrush": 0.17647058823529413, "clock": 0.8173076923076923, "motorcycle": 0.3780487804878049, "sports ball": 0.30392156862745096, "umbrella": 0.7159090909090909, "bowl": 0.5769230769230769, "cup": 0.5, "dog": 0.6097560975609756, "surfboard": 0.175, "vase": 0.5875, "book": 0.5952380952380952, "banana": 0.7352941176470589, "backpack": 0.37142857142857144, "train": 0.6470588235294118, "suitcase": 0.4838709677419355, "stop sign": 0.8148148148148148, "donut": 0.6, "car": 0.5142857142857142, "truck": 0.2962962962962963, "orange": 0.55, "sink": 0.5540540540540541, "baseball bat": 0.3939393939393939, "baseball glove": 0.11538461538461539, "airplane": 0.5096153846153846, "frisbee": 0.421875, "cell phone": 0.5172413793103449, "bench": 0.5138888888888888, "fork": 0.30952380952380953, "cow": 0.35185185185185186, "carrot": 0.5681818181818182, "chair": 0.5789473684210527, "parking meter": 0.3142857142857143, "spoon": 0.3}}