{"total_accuracy": 0.5854683424221231, "named_class_accuracies": {"sheep": 0.6470588235294118, "knife": 0.28125, "fire hydrant": 0.7916666666666666, "tennis racket": 0.6818181818181818, "wine glass": 0.6964285714285714, "snowboard": 0.5135135135135135, "kite": 0.5403225806451613, "skateboard": 0.47435897435897434, "tie": 0.5217391304347826, "bicycle": 0.6896551724137931, "mouse": 0.43243243243243246, "bird": 0.6076923076923076, "bottle": 0.7, "bus": 0.6206896551724138, "remote": 0.7321428571428571, "skis": 0.6515151515151515, "traffic light": 0.7844827586206896, "boat": 0.6063829787234043, "horse": 0.55, "potted plant": 0.8857142857142857, "cake": 0.7321428571428571, "apple": 0.8703703703703703, "toothbrush": 0.08823529411764706, "clock": 0.9038461538461539, "motorcycle": 0.6341463414634146, "sports ball": 0.46078431372549017, "umbrella": 0.6590909090909091, "bowl": 0.5576923076923077, "cup": 0.5714285714285714, "dog": 0.5975609756097561, "surfboard": 0.325, "vase": 0.65, "book": 0.5, "banana": 0.7647058823529411, "backpack": 0.2714285714285714, "train": 0.7352941176470589, "suitcase": 0.46774193548387094, "stop sign": 0.8888888888888888, "donut": 0.5333333333333333, "car": 0.5571428571428572, "truck": 0.48148148148148145, "orange": 0.6666666666666666, "sink": 0.6621621621621622, "baseball bat": 0.5, "baseball glove": 0.38461538461538464, "airplane": 0.6730769230769231, "frisbee": 0.5, "cell phone": 0.6551724137931034, "bench": 0.6111111111111112, "fork": 0.5238095238095238, "cow": 0.4722222222222222, "carrot": 0.5681818181818182, "chair": 0.6578947368421053, "parking meter": 0.4, "spoon": 0.26666666666666666}}