{"total_accuracy": 0.5110767390165172, "named_class_accuracies": {"sheep": 0.5196078431372549, "knife": 0.25, "fire hydrant": 0.7916666666666666, "tennis racket": 0.6818181818181818, "wine glass": 0.7857142857142857, "snowboard": 0.25675675675675674, "kite": 0.2661290322580645, "skateboard": 0.3333333333333333, "tie": 0.43478260869565216, "bicycle": 0.4827586206896552, "mouse": 0.36486486486486486, "bird": 0.5, "bottle": 0.6666666666666666, "bus": 0.5517241379310345, "remote": 0.6607142857142857, "skis": 0.30303030303030304, "traffic light": 0.6293103448275862, "boat": 0.35106382978723405, "horse": 0.45, "potted plant": 0.7714285714285715, "cake": 0.75, "apple": 0.8888888888888888, "toothbrush": 0.029411764705882353, "clock": 0.8846153846153846, "motorcycle": 0.5, "sports ball": 0.35294117647058826, "umbrella": 0.7272727272727273, "bowl": 0.4807692307692308, "cup": 0.5714285714285714, "dog": 0.573170731707317, "surfboard": 0.25, "vase": 0.5875, "book": 0.5714285714285714, "banana": 0.7647058823529411, "backpack": 0.42857142857142855, "train": 0.6323529411764706, "suitcase": 0.4838709677419355, "stop sign": 0.8703703703703703, "donut": 0.6, "car": 0.5142857142857142, "truck": 0.4074074074074074, "orange": 0.7333333333333333, "sink": 0.44594594594594594, "baseball bat": 0.42424242424242425, "baseball glove": 0.38461538461538464, "airplane": 0.5, "frisbee": 0.484375, "cell phone": 0.5172413793103449, "bench": 0.4444444444444444, "fork": 0.3333333333333333, "cow": 0.37037037037037035, "carrot": 0.4772727272727273, "chair": 0.47368421052631576, "parking meter": 0.3, "spoon": 0.3}}